{"cameraMode":{"drawMode":0,"name":"Shaded","section":"Shading Mode"},"sceneLighting":false,"audioPlay":false,"sceneViewState":{"showFog":true,"showMaterialUpdate":false,"showSkybox":true,"showFlares":true,"showImageEffects":true,"showParticleSystems":true},"in2DMode":false,"pivot":{"x":-8.349943161010743,"y":2.499999761581421,"z":-9.5367431640625e-7},"rotation":{"x":-0.009308690205216408,"y":-0.014402035623788834,"z":0.00013397699513006955,"w":-0.9998529553413391},"size":14.226754188537598,"orthographic":false}